{"Created":"2021. 06. 28. 8:35:00","FullTime":"00:00:01.1027869","SolverTime":"00:00:01.0018042","PreSolverTime":"00:00:00","MotionIDs":[9999999,1,18,28,6,4,12,23,9999999],"MotionCosts":[0.0,2.1861972479318736,1.8127685573408003,1.6564575740570837,1.3940636344361055,1.295998838931478,1.295998838931478,0.47605348135718895],"CostSum":10.117538172986007,"StatusCode":1,"StatusMessage":"1 - ROUTING_SUCCESS: Problem solved successfully.","Log":null,"MotionResult":[{"SequenceMatrixID":28,"Configs":[{"Configuration":[-1.868548683,-1.444176579,1.69801667,-1.991634754,-1.51983071,-0.29348593],"Resource":{"ID":0,"GlobalID":0,"Name":"Camera","Virtual":false},"ID":1,"GlobalID":1,"Name":"Camera","Virtual":false}],"Bidirectional":false,"Cost":0.0,"DetailedCost":{"A":null,"B":null,"FinalCost":0.0,"ResourceChangeoverCost":0.0,"DistanceFunctionCost":0.0,"OverrideCost":0.0,"Penalty":0.0,"Bidirectional":false},"ResourceChangeoverCostInCost":0.0,"StricLength":0.0,"FirstConfig":{"Configuration":[-1.868548683,-1.444176579,1.69801667,-1.991634754,-1.51983071,-0.29348593],"Resource":{"ID":0,"GlobalID":0,"Name":"Camera","Virtual":false},"ID":1,"GlobalID":1,"Name":"Camera","Virtual":false},"LastConfig":{"Configuration":[-1.868548683,-1.444176579,1.69801667,-1.991634754,-1.51983071,-0.29348593],"Resource":{"ID":0,"GlobalID":0,"Name":"Camera","Virtual":false},"ID":1,"GlobalID":1,"Name":"Camera","Virtual":false},"OverrideCostIn":{"Cost":0.0},"OverrideCostOut":{"Cost":0.0},"ShortcutCost":0.0,"isShortcut":false,"ID":9999999,"GlobalID":103,"Name":"StartDepot","Virtual":true},{"SequenceMatrixID":0,"Configs":[{"Configuration":[-1.868548683,-1.444176579,1.69801667,-1.991634754,-1.51983071,-0.29348593],"Resource":{"ID":0,"GlobalID":0,"Name":"Camera","Virtual":false},"ID":1,"GlobalID":1,"Name":"Camera","Virtual":false}],"Bidirectional":false,"Cost":0.0,"DetailedCost":{"A":null,"B":null,"FinalCost":0.0,"ResourceChangeoverCost":0.0,"DistanceFunctionCost":0.0,"OverrideCost":0.0,"Penalty":0.0,"Bidirectional":false},"ResourceChangeoverCostInCost":0.0,"StricLength":0.0,"FirstConfig":{"Configuration":[-1.868548683,-1.444176579,1.69801667,-1.991634754,-1.51983071,-0.29348593],"Resource":{"ID":0,"GlobalID":0,"Name":"Camera","Virtual":false},"ID":1,"GlobalID":1,"Name":"Camera","Virtual":false},"LastConfig":{"Configuration":[-1.868548683,-1.444176579,1.69801667,-1.991634754,-1.51983071,-0.29348593],"Resource":{"ID":0,"GlobalID":0,"Name":"Camera","Virtual":false},"ID":1,"GlobalID":1,"Name":"Camera","Virtual":false},"OverrideCostIn":{"Cost":0.0},"OverrideCostOut":{"Cost":0.0},"ShortcutCost":0.0,"isShortcut":false,"ID":1,"GlobalID":63,"Name":null,"Virtual":false},{"SequenceMatrixID":21,"Configs":[{"Configuration":[-1.686127883,-2.676366985,-0.641119468,4.207770874,2.16783836,-2.53457152],"Resource":{"ID":0,"GlobalID":51,"Name":"Grasp3_3","Virtual":false},"ID":18,"GlobalID":52,"Name":"Grasp3_3","Virtual":false}],"Bidirectional":false,"Cost":0.0,"DetailedCost":{"A":null,"B":null,"FinalCost":0.0,"ResourceChangeoverCost":0.0,"DistanceFunctionCost":0.0,"OverrideCost":0.0,"Penalty":0.0,"Bidirectional":false},"ResourceChangeoverCostInCost":0.0,"StricLength":0.0,"FirstConfig":{"Configuration":[-1.686127883,-2.676366985,-0.641119468,4.207770874,2.16783836,-2.53457152],"Resource":{"ID":0,"GlobalID":51,"Name":"Grasp3_3","Virtual":false},"ID":18,"GlobalID":52,"Name":"Grasp3_3","Virtual":false},"LastConfig":{"Configuration":[-1.686127883,-2.676366985,-0.641119468,4.207770874,2.16783836,-2.53457152],"Resource":{"ID":0,"GlobalID":51,"Name":"Grasp3_3","Virtual":false},"ID":18,"GlobalID":52,"Name":"Grasp3_3","Virtual":false},"OverrideCostIn":{"Cost":0.0},"OverrideCostOut":{"Cost":0.0},"ShortcutCost":0.0,"isShortcut":false,"ID":18,"GlobalID":95,"Name":null,"Virtual":false},{"SequenceMatrixID":27,"Configs":[{"Configuration":[-2.407352147,-1.268558862,1.453360249,0.861362995,1.13561976,2.42654457],"Resource":{"ID":0,"GlobalID":12,"Name":"Inter4","Virtual":false},"ID":5,"GlobalID":13,"Name":"Inter4","Virtual":false}],"Bidirectional":false,"Cost":0.0,"DetailedCost":{"A":null,"B":null,"FinalCost":0.0,"ResourceChangeoverCost":0.0,"DistanceFunctionCost":0.0,"OverrideCost":0.0,"Penalty":0.0,"Bidirectional":false},"ResourceChangeoverCostInCost":0.0,"StricLength":0.0,"FirstConfig":{"Configuration":[-2.407352147,-1.268558862,1.453360249,0.861362995,1.13561976,2.42654457],"Resource":{"ID":0,"GlobalID":12,"Name":"Inter4","Virtual":false},"ID":5,"GlobalID":13,"Name":"Inter4","Virtual":false},"LastConfig":{"Configuration":[-2.407352147,-1.268558862,1.453360249,0.861362995,1.13561976,2.42654457],"Resource":{"ID":0,"GlobalID":12,"Name":"Inter4","Virtual":false},"ID":5,"GlobalID":13,"Name":"Inter4","Virtual":false},"OverrideCostIn":{"Cost":0.0},"OverrideCostOut":{"Cost":0.0},"ShortcutCost":0.0,"isShortcut":false,"ID":28,"GlobalID":102,"Name":null,"Virtual":false},{"SequenceMatrixID":1,"Configs":[{"Configuration":[-1.226079223,-2.287934176,4.720231373,-0.879203455,0.69826385,1.59390633],"Resource":{"ID":0,"GlobalID":15,"Name":"Grasp1_1","Virtual":false},"ID":6,"GlobalID":16,"Name":"Grasp1_1","Virtual":false}],"Bidirectional":false,"Cost":0.0,"DetailedCost":{"A":null,"B":null,"FinalCost":0.0,"ResourceChangeoverCost":0.0,"DistanceFunctionCost":0.0,"OverrideCost":0.0,"Penalty":0.0,"Bidirectional":false},"ResourceChangeoverCostInCost":0.0,"StricLength":0.0,"FirstConfig":{"Configuration":[-1.226079223,-2.287934176,4.720231373,-0.879203455,0.69826385,1.59390633],"Resource":{"ID":0,"GlobalID":15,"Name":"Grasp1_1","Virtual":false},"ID":6,"GlobalID":16,"Name":"Grasp1_1","Virtual":false},"LastConfig":{"Configuration":[-1.226079223,-2.287934176,4.720231373,-0.879203455,0.69826385,1.59390633],"Resource":{"ID":0,"GlobalID":15,"Name":"Grasp1_1","Virtual":false},"ID":6,"GlobalID":16,"Name":"Grasp1_1","Virtual":false},"OverrideCostIn":{"Cost":0.0},"OverrideCostOut":{"Cost":0.0},"ShortcutCost":0.0,"isShortcut":false,"ID":6,"GlobalID":67,"Name":null,"Virtual":false},{"SequenceMatrixID":8,"Configs":[{"Configuration":[-2.407352147,-1.559216347,2.048732098,-2.584944023,-1.13561976,-0.71504808],"Resource":{"ID":0,"GlobalID":9,"Name":"Inter3","Virtual":false},"ID":4,"GlobalID":10,"Name":"Inter3","Virtual":false}],"Bidirectional":false,"Cost":0.0,"DetailedCost":{"A":null,"B":null,"FinalCost":0.0,"ResourceChangeoverCost":0.0,"DistanceFunctionCost":0.0,"OverrideCost":0.0,"Penalty":0.0,"Bidirectional":false},"ResourceChangeoverCostInCost":0.0,"StricLength":0.0,"FirstConfig":{"Configuration":[-2.407352147,-1.559216347,2.048732098,-2.584944023,-1.13561976,-0.71504808],"Resource":{"ID":0,"GlobalID":9,"Name":"Inter3","Virtual":false},"ID":4,"GlobalID":10,"Name":"Inter3","Virtual":false},"LastConfig":{"Configuration":[-2.407352147,-1.559216347,2.048732098,-2.584944023,-1.13561976,-0.71504808],"Resource":{"ID":0,"GlobalID":9,"Name":"Inter3","Virtual":false},"ID":4,"GlobalID":10,"Name":"Inter3","Virtual":false},"OverrideCostIn":{"Cost":0.0},"OverrideCostOut":{"Cost":0.0},"ShortcutCost":0.0,"isShortcut":false,"ID":4,"GlobalID":75,"Name":null,"Virtual":false},{"SequenceMatrixID":11,"Configs":[{"Configuration":[-1.113591758,-2.17589584,4.497722352,-0.746837367,0.69813971,1.56532304],"Resource":{"ID":0,"GlobalID":33,"Name":"Grasp2_2","Virtual":false},"ID":12,"GlobalID":34,"Name":"Grasp2_2","Virtual":false}],"Bidirectional":false,"Cost":0.0,"DetailedCost":{"A":null,"B":null,"FinalCost":0.0,"ResourceChangeoverCost":0.0,"DistanceFunctionCost":0.0,"OverrideCost":0.0,"Penalty":0.0,"Bidirectional":false},"ResourceChangeoverCostInCost":0.0,"StricLength":0.0,"FirstConfig":{"Configuration":[-1.113591758,-2.17589584,4.497722352,-0.746837367,0.69813971,1.56532304],"Resource":{"ID":0,"GlobalID":33,"Name":"Grasp2_2","Virtual":false},"ID":12,"GlobalID":34,"Name":"Grasp2_2","Virtual":false},"LastConfig":{"Configuration":[-1.113591758,-2.17589584,4.497722352,-0.746837367,0.69813971,1.56532304],"Resource":{"ID":0,"GlobalID":33,"Name":"Grasp2_2","Virtual":false},"ID":12,"GlobalID":34,